sent_id	token_number	word	predicted_head_index
GUM_academic_discrimination-1	1	The	2
GUM_academic_discrimination-1	3	of	2
GUM_academic_discrimination-1	4	discrimination	2
GUM_academic_discrimination-1	5	across	6
GUM_academic_discrimination-1	6	racial	7
GUM_academic_discrimination-1	8	in	9
GUM_academic_discrimination-1	10	America	9
GUM_academic_discrimination-2	5	representative	6
GUM_academic_discrimination-2	4	nationally	6
GUM_academic_discrimination-2	3	a	6
GUM_academic_discrimination-2	2	from	6
GUM_academic_discrimination-2	6	sample	1
GUM_academic_discrimination-2	7	of	8
GUM_academic_discrimination-2	8	adults	6
GUM_academic_discrimination-3	2	.	1
GUM_academic_discrimination-4	1	Personal	2
GUM_academic_discrimination-4	3	of	4
GUM_academic_discrimination-4	4	discrimination	2
GUM_academic_discrimination-4	5	and	6
GUM_academic_discrimination-4	9	the	10
GUM_academic_discrimination-4	8	been	10
GUM_academic_discrimination-4	7	have	10
GUM_academic_discrimination-4	11	of	10
GUM_academic_discrimination-4	13	social	14
GUM_academic_discrimination-4	14	science	12
GUM_academic_discrimination-4	15	research	12
GUM_academic_discrimination-4	17	[	18
GUM_academic_discrimination-4	19	-	18
GUM_academic_discrimination-4	20	3	18
GUM_academic_discrimination-4	21	]	20
GUM_academic_discrimination-5	2	have	3
GUM_academic_discrimination-5	1	Sociologists	3
GUM_academic_discrimination-5	4	the	5
GUM_academic_discrimination-5	5	adverse	3
GUM_academic_discrimination-5	6	consequences	3
GUM_academic_discrimination-5	7	of	8
GUM_academic_discrimination-5	8	discrimination	6
GUM_academic_discrimination-5	9	[	10
GUM_academic_discrimination-5	10	3	8
GUM_academic_discrimination-5	11	–	12
GUM_academic_discrimination-5	12	5	10
GUM_academic_discrimination-6	2	have	3
GUM_academic_discrimination-6	1	psychologists	3
GUM_academic_discrimination-6	4	the	5
GUM_academic_discrimination-6	5	mental	3
GUM_academic_discrimination-6	6	processes	3
GUM_academic_discrimination-6	7	that	8
GUM_academic_discrimination-6	10	and	11
GUM_academic_discrimination-6	9	conscious	11
GUM_academic_discrimination-6	12	biases	11
GUM_academic_discrimination-6	13	[	14
GUM_academic_discrimination-6	14	6	12
GUM_academic_discrimination-6	15	]	14
GUM_academic_discrimination-7	2	have	3
GUM_academic_discrimination-7	1	neuroscientists	3
GUM_academic_discrimination-7	4	the	5
GUM_academic_discrimination-7	5	neurobiological	3
GUM_academic_discrimination-7	6	underpinnings	3
GUM_academic_discrimination-7	7	of	8
GUM_academic_discrimination-7	8	discrimination	6
GUM_academic_discrimination-7	9	[	10
GUM_academic_discrimination-7	11	–	12
GUM_academic_discrimination-7	12	9	10
GUM_academic_discrimination-7	13	]	12
GUM_academic_discrimination-8	1	and	2
GUM_academic_discrimination-8	2	evolutionary	3
GUM_academic_discrimination-8	4	have	5
GUM_academic_discrimination-8	3	theorists	5
GUM_academic_discrimination-8	7	various	8
GUM_academic_discrimination-8	6	the	8
GUM_academic_discrimination-8	8	ways	5
GUM_academic_discrimination-8	11	-	10
GUM_academic_discrimination-8	17	biases	18
GUM_academic_discrimination-8	18	emerged	16
GUM_academic_discrimination-8	20	the	21
GUM_academic_discrimination-8	19	across	21
GUM_academic_discrimination-8	21	history	18
GUM_academic_discrimination-8	23	our	24
GUM_academic_discrimination-8	22	of	24
GUM_academic_discrimination-8	24	species	21
GUM_academic_discrimination-8	26	[	27
GUM_academic_discrimination-8	28	]	27
GUM_academic_discrimination-9	1	In	2
GUM_academic_discrimination-9	2	many	3
GUM_academic_discrimination-9	6	already	7
GUM_academic_discrimination-9	5	researchers	7
GUM_academic_discrimination-9	4	,	7
GUM_academic_discrimination-9	8	a	9
GUM_academic_discrimination-9	9	wealth	7
GUM_academic_discrimination-9	13	the	14
GUM_academic_discrimination-9	15	and	16
GUM_academic_discrimination-9	16	consequences	14
GUM_academic_discrimination-9	17	of	18
GUM_academic_discrimination-9	18	discrimination	16
GUM_academic_discrimination-9	19	and	20
GUM_academic_discrimination-9	20	bias	18
GUM_academic_discrimination-9	22	[	23
GUM_academic_discrimination-9	24	]	23
GUM_academic_discrimination-10	2	also	3
GUM_academic_discrimination-10	1	What	3
GUM_academic_discrimination-10	5	be	6
GUM_academic_discrimination-10	4	not	6
GUM_academic_discrimination-10	3	should	6
GUM_academic_discrimination-10	7	in	8
GUM_academic_discrimination-10	8	discussion	6
GUM_academic_discrimination-10	12	the	13
GUM_academic_discrimination-10	13	growing	14
GUM_academic_discrimination-10	11	is	14
GUM_academic_discrimination-10	14	push	10
GUM_academic_discrimination-10	15	to	16
GUM_academic_discrimination-10	16	implement	14
GUM_academic_discrimination-10	17	social	18
GUM_academic_discrimination-10	20	at	21
GUM_academic_discrimination-10	21	reducing	19
GUM_academic_discrimination-10	22	the	23
GUM_academic_discrimination-10	23	occurrence	21
GUM_academic_discrimination-10	24	of	25
GUM_academic_discrimination-10	25	discriminatory	26
GUM_academic_discrimination-10	26	practices	23
GUM_academic_discrimination-11	1	Mandatory	2
GUM_academic_discrimination-11	2	diversity	3
GUM_academic_discrimination-11	4	in	5
GUM_academic_discrimination-11	5	professional	6
GUM_academic_discrimination-11	3	trainings	6
GUM_academic_discrimination-11	8	for	9
GUM_academic_discrimination-11	7	,	9
GUM_academic_discrimination-11	11	are	12
GUM_academic_discrimination-11	10	,	12
GUM_academic_discrimination-11	12	intended	9
GUM_academic_discrimination-11	13	to	12
GUM_academic_discrimination-11	14	reduce	12
GUM_academic_discrimination-11	17	the	18
GUM_academic_discrimination-11	16	in	18
GUM_academic_discrimination-11	18	workplace	15
GUM_academic_discrimination-11	19	by	20
GUM_academic_discrimination-11	21	the	22
GUM_academic_discrimination-11	22	awareness	20
GUM_academic_discrimination-11	23	of	24
GUM_academic_discrimination-11	24	employees	22
GUM_academic_discrimination-11	26	the	27
GUM_academic_discrimination-11	27	challenges	25
GUM_academic_discrimination-11	29	minority	30
GUM_academic_discrimination-11	30	group	28
GUM_academic_discrimination-11	31	members	28
GUM_academic_discrimination-11	33	[	34
GUM_academic_discrimination-11	35	]	34
GUM_academic_discrimination-12	3	the	4
GUM_academic_discrimination-12	2	,	4
GUM_academic_discrimination-12	4	implementation	1
GUM_academic_discrimination-12	5	of	4
GUM_academic_discrimination-12	6	certain	7
GUM_academic_discrimination-12	8	is	9
GUM_academic_discrimination-12	9	rooted	7
GUM_academic_discrimination-12	11	the	12
GUM_academic_discrimination-12	10	in	12
GUM_academic_discrimination-12	12	assumption	9
GUM_academic_discrimination-12	13	that	14
GUM_academic_discrimination-12	15	and	16
GUM_academic_discrimination-12	16	biases	14
GUM_academic_discrimination-12	19	at	20
GUM_academic_discrimination-12	18	,	20
GUM_academic_discrimination-12	20	least	17
GUM_academic_discrimination-12	23	appreciable	24
GUM_academic_discrimination-12	24	amount	22
GUM_academic_discrimination-12	25	,	24
GUM_academic_discrimination-12	26	present	24
GUM_academic_discrimination-12	28	modern	29
GUM_academic_discrimination-12	27	in	29
GUM_academic_discrimination-12	29	society	26
GUM_academic_discrimination-13	3	,	4
GUM_academic_discrimination-13	4	estimates	2
GUM_academic_discrimination-13	6	the	7
GUM_academic_discrimination-13	5	of	7
GUM_academic_discrimination-13	7	prevalence	4
GUM_academic_discrimination-13	8	of	9
GUM_academic_discrimination-13	10	discrimination	9
GUM_academic_discrimination-13	12	rare	11
GUM_academic_discrimination-13	13	(	14
GUM_academic_discrimination-13	15	[	16
GUM_academic_discrimination-13	16	13	14
GUM_academic_discrimination-13	17	–	18
GUM_academic_discrimination-14	4	prior	5
GUM_academic_discrimination-14	3	one	5
GUM_academic_discrimination-14	2	least	5
GUM_academic_discrimination-14	1	At	5
GUM_academic_discrimination-14	6	by	7
GUM_academic_discrimination-14	7	Kessler	5
GUM_academic_discrimination-14	8	and	9
GUM_academic_discrimination-14	10	[	11
GUM_academic_discrimination-14	11	15	9
GUM_academic_discrimination-14	12	]	11
GUM_academic_discrimination-14	13	,	14
GUM_academic_discrimination-14	15	,	16
GUM_academic_discrimination-14	18	of	19
GUM_academic_discrimination-14	19	perceived	20
GUM_academic_discrimination-14	20	discrimination	17
GUM_academic_discrimination-14	24	American	25
GUM_academic_discrimination-14	23	large	25
GUM_academic_discrimination-14	22	a	25
GUM_academic_discrimination-14	21	in	25
GUM_academic_discrimination-14	25	sample	20
GUM_academic_discrimination-14	26	,	27
GUM_academic_discrimination-14	27	reported	25
GUM_academic_discrimination-14	28	that	27
GUM_academic_discrimination-14	29	approximately	30
GUM_academic_discrimination-14	31	%	30
GUM_academic_discrimination-14	35	some	36
GUM_academic_discrimination-14	36	form	34
GUM_academic_discrimination-14	37	of	38
GUM_academic_discrimination-14	38	discrimination	36
GUM_academic_discrimination-14	44	et	45
GUM_academic_discrimination-14	45	al.	43
GUM_academic_discrimination-14	46	[	47
GUM_academic_discrimination-14	47	4	45
GUM_academic_discrimination-14	48	]	47
GUM_academic_discrimination-15	2	current	3
GUM_academic_discrimination-15	3	study	4
GUM_academic_discrimination-15	1	The	4
GUM_academic_discrimination-15	5	to	6
GUM_academic_discrimination-15	6	build	4
GUM_academic_discrimination-15	8	this	9
GUM_academic_discrimination-15	7	on	9
GUM_academic_discrimination-15	9	research	6
GUM_academic_discrimination-15	10	by	11
GUM_academic_discrimination-15	12	the	13
GUM_academic_discrimination-15	13	prevalence	11
GUM_academic_discrimination-15	14	of	15
GUM_academic_discrimination-15	15	discrimination	16
GUM_academic_discrimination-15	16	experiences	13
GUM_academic_discrimination-15	18	a	19
GUM_academic_discrimination-15	17	among	19
GUM_academic_discrimination-15	22	representative	23
GUM_academic_discrimination-15	21	nationally	23
GUM_academic_discrimination-15	20	,	23
GUM_academic_discrimination-15	23	sample	19
GUM_academic_discrimination-15	24	of	25
GUM_academic_discrimination-15	25	adults	23
GUM_academic_discrimination-15	28	United	29
GUM_academic_discrimination-15	27	the	29
GUM_academic_discrimination-15	26	from	29
GUM_academic_discrimination-15	29	States	25
GUM_academic_discrimination-16	4	analysis	5
GUM_academic_discrimination-16	3	the	5
GUM_academic_discrimination-16	2	,	5
GUM_academic_discrimination-16	6	the	7
GUM_academic_discrimination-16	7	perceived	5
GUM_academic_discrimination-16	8	reasons	5
GUM_academic_discrimination-16	9	for	10
GUM_academic_discrimination-16	10	reported	11
GUM_academic_discrimination-16	11	discrimination	12
GUM_academic_discrimination-16	12	experiences	8
GUM_academic_discrimination-17	2	for	3
GUM_academic_discrimination-17	3	discrimination	1
GUM_academic_discrimination-18	1	All	2
GUM_academic_discrimination-18	3	who	4
GUM_academic_discrimination-18	2	respondents	4
GUM_academic_discrimination-18	6	were	7
GUM_academic_discrimination-18	5	they	7
GUM_academic_discrimination-18	8	against	7
GUM_academic_discrimination-18	11	,	12
GUM_academic_discrimination-18	13	who	14
GUM_academic_discrimination-18	14	responded	12
GUM_academic_discrimination-18	15	with	16
GUM_academic_discrimination-18	17	or	18
GUM_academic_discrimination-18	20	the	21
GUM_academic_discrimination-18	19	to	21
GUM_academic_discrimination-18	21	perceived	18
GUM_academic_discrimination-18	22	discrimination	21
GUM_academic_discrimination-18	23	measure	22
GUM_academic_discrimination-18	25	above	24
GUM_academic_discrimination-18	27	were	28
GUM_academic_discrimination-18	29	the	28
GUM_academic_discrimination-18	30	following	31
GUM_academic_discrimination-18	31	question	28
GUM_academic_discrimination-18	32	:	31
GUM_academic_discrimination-19	4	you	5
GUM_academic_discrimination-19	3	do	5
GUM_academic_discrimination-19	8	main	9
GUM_academic_discrimination-19	7	the	9
GUM_academic_discrimination-19	6	was	9
GUM_academic_discrimination-19	9	reason	5
GUM_academic_discrimination-19	11	these	12
GUM_academic_discrimination-19	10	for	12
GUM_academic_discrimination-19	12	experiences	9
GUM_academic_discrimination-20	2	were	3
GUM_academic_discrimination-20	1	Respondents	3
GUM_academic_discrimination-20	4	to	3
GUM_academic_discrimination-20	5	choose	3
GUM_academic_discrimination-20	6	one	7
GUM_academic_discrimination-20	7	response	5
GUM_academic_discrimination-20	9	11	10
GUM_academic_discrimination-20	8	from	10
GUM_academic_discrimination-20	10	categories	7
GUM_academic_discrimination-21	3	present	4
GUM_academic_discrimination-21	2	the	4
GUM_academic_discrimination-21	1	For	4
GUM_academic_discrimination-21	6	these	7
GUM_academic_discrimination-21	8	were	9
GUM_academic_discrimination-21	7	responses	9
GUM_academic_discrimination-21	5	,	9
GUM_academic_discrimination-21	10	into	9
GUM_academic_discrimination-21	12	mutually	13
GUM_academic_discrimination-21	11	nine	13
GUM_academic_discrimination-21	13	exclusive	9
GUM_academic_discrimination-21	14	categories	13
GUM_academic_discrimination-21	17	following	18
GUM_academic_discrimination-21	16	the	18
GUM_academic_discrimination-21	18	options	15
GUM_academic_discrimination-21	19	:	18
GUM_academic_discrimination-22	2	/	3
GUM_academic_discrimination-22	3	ancestry	1
GUM_academic_discrimination-22	4	/	5
GUM_academic_discrimination-22	5	skin	6
GUM_academic_discrimination-22	6	color	3
GUM_academic_discrimination-23	2	;	1
GUM_academic_discrimination-24	2	;	1
GUM_academic_discrimination-25	2	;	1
GUM_academic_discrimination-26	2	or	3
GUM_academic_discrimination-26	3	weight	1
GUM_academic_discrimination-27	1	sexual	2
GUM_academic_discrimination-27	3	;	2
GUM_academic_discrimination-28	2	or	3
GUM_academic_discrimination-28	3	income	1
GUM_academic_discrimination-29	1	physical	2
GUM_academic_discrimination-29	3	;	2
GUM_academic_discrimination-30	1	and	2
GUM_academic_discrimination-30	3	.	2
GUM_academic_discrimination-31	2	following	3
GUM_academic_discrimination-31	1	The	3
GUM_academic_discrimination-31	6	original	7
GUM_academic_discrimination-31	8	were	9
GUM_academic_discrimination-31	10	into	9
GUM_academic_discrimination-31	11	one	12
GUM_academic_discrimination-31	12	category	9
GUM_academic_discrimination-31	14	the	15
GUM_academic_discrimination-31	13	for	15
GUM_academic_discrimination-31	15	analysis	12
GUM_academic_discrimination-31	20	or	21
GUM_academic_discrimination-31	21	national	22
GUM_academic_discrimination-31	22	origin	19
GUM_academic_discrimination-31	24	and	25
GUM_academic_discrimination-31	23	;	25
GUM_academic_discrimination-31	25	shade	22
GUM_academic_discrimination-31	27	skin	28
GUM_academic_discrimination-31	26	of	28
GUM_academic_discrimination-31	28	color	25
GUM_academic_discrimination-32	4	this	5
GUM_academic_discrimination-32	3	because	5
GUM_academic_discrimination-32	2	,	5
GUM_academic_discrimination-32	5	question	1
GUM_academic_discrimination-32	6	was	5
GUM_academic_discrimination-32	7	only	8
GUM_academic_discrimination-32	8	asked	5
GUM_academic_discrimination-32	9	of	10
GUM_academic_discrimination-32	10	respondents	8
GUM_academic_discrimination-32	11	who	12
GUM_academic_discrimination-32	12	reported	8
GUM_academic_discrimination-32	13	prior	14
GUM_academic_discrimination-32	14	discrimination	15
GUM_academic_discrimination-32	17	the	18
GUM_academic_discrimination-32	19	-	18
GUM_academic_discrimination-32	21	skip	22
GUM_academic_discrimination-32	22	pattern	23
GUM_academic_discrimination-32	26	large	27
GUM_academic_discrimination-32	25	a	27
GUM_academic_discrimination-32	24	in	27
GUM_academic_discrimination-32	27	number	23
GUM_academic_discrimination-32	31	as	32
GUM_academic_discrimination-32	32	missing	30
GUM_academic_discrimination-32	34	legitimate	35
GUM_academic_discrimination-32	33	(	35
GUM_academic_discrimination-32	35	skip	32
GUM_academic_discrimination-32	36	)	35
GUM_academic_discrimination-33	1	Respondent	2
GUM_academic_discrimination-33	3	.	2
GUM_academic_discrimination-34	3	race	4
GUM_academic_discrimination-34	6	not	7
GUM_academic_discrimination-34	5	is	7
GUM_academic_discrimination-34	4	variable	7
GUM_academic_discrimination-34	2	a	7
GUM_academic_discrimination-34	7	available	1
GUM_academic_discrimination-34	9	the	10
GUM_academic_discrimination-34	10	Wave	11
GUM_academic_discrimination-34	12	interviews	11
GUM_academic_discrimination-34	14	we	15
GUM_academic_discrimination-34	13	,	15
GUM_academic_discrimination-34	21	the	22
GUM_academic_discrimination-34	20	by	22
GUM_academic_discrimination-34	22	respondent	19
GUM_academic_discrimination-34	24	the	25
GUM_academic_discrimination-34	25	Wave	23
GUM_academic_discrimination-34	27	interview	26
GUM_academic_discrimination-35	1	Wave	2
GUM_academic_discrimination-35	3	race	2
GUM_academic_discrimination-35	6	than	5
GUM_academic_discrimination-35	7	,	8
GUM_academic_discrimination-35	10	Wave	11
GUM_academic_discrimination-35	12	race	11
GUM_academic_discrimination-35	14	was	15
GUM_academic_discrimination-35	16	to	17
GUM_academic_discrimination-35	17	preserve	15
GUM_academic_discrimination-35	18	case	19
GUM_academic_discrimination-35	19	counts	17
GUM_academic_discrimination-36	9	Wave	8
GUM_academic_discrimination-36	10	4	8
GUM_academic_discrimination-36	11	respondents	12
GUM_academic_discrimination-36	8	all	12
GUM_academic_discrimination-36	14	the	15
GUM_academic_discrimination-36	13	in	15
GUM_academic_discrimination-36	15	Wave	12
GUM_academic_discrimination-36	16	1	12
GUM_academic_discrimination-36	17	sample	16
GUM_academic_discrimination-36	22	would	21
GUM_academic_discrimination-36	24	been	25
GUM_academic_discrimination-36	23	have	25
GUM_academic_discrimination-36	21	all	25
GUM_academic_discrimination-36	20	not	25
GUM_academic_discrimination-36	19	but	25
GUM_academic_discrimination-36	18	,	25
GUM_academic_discrimination-36	25	interviewed	17
GUM_academic_discrimination-36	26	at	27
GUM_academic_discrimination-36	27	Wave	25
GUM_academic_discrimination-36	30	to	29
GUM_academic_discrimination-36	31	differential	32
GUM_academic_discrimination-36	34	temporary	35
GUM_academic_discrimination-36	33	of	35
GUM_academic_discrimination-36	35	attrition	32
GUM_academic_discrimination-37	2	were	3
GUM_academic_discrimination-37	1	Respondents	3
GUM_academic_discrimination-37	4	to	3
GUM_academic_discrimination-37	5	indicate	3
GUM_academic_discrimination-37	6	their	7
GUM_academic_discrimination-37	11	following	12
GUM_academic_discrimination-37	10	the	12
GUM_academic_discrimination-37	9	among	12
GUM_academic_discrimination-37	8	from	12
GUM_academic_discrimination-37	17	or	18
GUM_academic_discrimination-37	18	African	19
GUM_academic_discrimination-37	19	American	16
GUM_academic_discrimination-37	23	American	24
GUM_academic_discrimination-37	25	or	26
GUM_academic_discrimination-37	26	Native	27
GUM_academic_discrimination-37	27	American	24
GUM_academic_discrimination-37	29	and	30
GUM_academic_discrimination-37	31	or	32
GUM_academic_discrimination-37	32	Pacific	33
GUM_academic_discrimination-37	33	Islander	30
GUM_academic_discrimination-38	2	were	3
GUM_academic_discrimination-38	1	Respondents	3
GUM_academic_discrimination-38	4	the	5
GUM_academic_discrimination-38	5	opportunity	3
GUM_academic_discrimination-38	6	to	7
GUM_academic_discrimination-38	7	select	5
GUM_academic_discrimination-38	10	one	11
GUM_academic_discrimination-38	13	and	14
GUM_academic_discrimination-38	12	,	14
GUM_academic_discrimination-38	15	who	16
GUM_academic_discrimination-38	14	those	16
GUM_academic_discrimination-38	17	were	18
GUM_academic_discrimination-38	21	-	20
GUM_academic_discrimination-38	24	regarding	25
GUM_academic_discrimination-38	25	which	26
GUM_academic_discrimination-38	26	category	23
GUM_academic_discrimination-38	27	best	28
GUM_academic_discrimination-38	28	described	23
GUM_academic_discrimination-38	30	racial	31
GUM_academic_discrimination-38	29	their	31
GUM_academic_discrimination-38	31	background	28
GUM_academic_discrimination-39	3	current	4
GUM_academic_discrimination-39	2	the	4
GUM_academic_discrimination-39	1	In	4
GUM_academic_discrimination-39	6	those	7
GUM_academic_discrimination-39	5	,	7
GUM_academic_discrimination-39	7	respondents	4
GUM_academic_discrimination-39	8	who	9
GUM_academic_discrimination-39	9	indicated	4
GUM_academic_discrimination-39	14	were	15
GUM_academic_discrimination-39	16	as	15
GUM_academic_discrimination-39	18	mixed	19
GUM_academic_discrimination-39	17	“	19
GUM_academic_discrimination-39	19	race	15
GUM_academic_discrimination-39	20	”	19
GUM_academic_discrimination-40	1	Demographic	2
GUM_academic_discrimination-40	3	.	2
GUM_academic_discrimination-41	1	To	2
GUM_academic_discrimination-41	6	analytical	7
GUM_academic_discrimination-41	5	the	7
GUM_academic_discrimination-41	4	on	7
GUM_academic_discrimination-41	7	sample	3
GUM_academic_discrimination-41	9	a	10
GUM_academic_discrimination-41	8	as	10
GUM_academic_discrimination-41	10	whole	7
GUM_academic_discrimination-41	13	additional	14
GUM_academic_discrimination-41	16	are	17
GUM_academic_discrimination-41	15	variables	17
GUM_academic_discrimination-41	14	demographic	17
GUM_academic_discrimination-41	12	two	17
GUM_academic_discrimination-41	11	,	17
GUM_academic_discrimination-41	17	included	7
GUM_academic_discrimination-41	18	.	17
GUM_academic_discrimination-42	8	created	7
GUM_academic_discrimination-42	9	by	10
GUM_academic_discrimination-42	10	subtracting	8
GUM_academic_discrimination-42	11	the	12
GUM_academic_discrimination-42	12	year	10
GUM_academic_discrimination-42	14	the	15
GUM_academic_discrimination-42	13	of	15
GUM_academic_discrimination-42	16	'	15
GUM_academic_discrimination-42	18	(	19
GUM_academic_discrimination-42	19	obtained	17
GUM_academic_discrimination-42	25	the	26
GUM_academic_discrimination-42	24	from	26
GUM_academic_discrimination-42	28	the	29
GUM_academic_discrimination-42	27	of	29
GUM_academic_discrimination-42	29	interview	26
GUM_academic_discrimination-42	30	at	31
GUM_academic_discrimination-42	31	Wave	29
GUM_academic_discrimination-43	7	based	6
GUM_academic_discrimination-43	11	-	10
GUM_academic_discrimination-43	12	reported	13
GUM_academic_discrimination-43	15	the	16
GUM_academic_discrimination-43	14	of	16
GUM_academic_discrimination-43	16	respondent	13
GUM_academic_discrimination-43	17	at	18
GUM_academic_discrimination-43	18	Wave	16
GUM_academic_discrimination-43	20	(	21
GUM_academic_discrimination-43	21	0	19
GUM_academic_discrimination-43	22	=	21
GUM_academic_discrimination-43	24	and	25
GUM_academic_discrimination-43	25	1	23
GUM_academic_discrimination-43	26	=	25
GUM_academic_discrimination-44	1	Analytical	2
GUM_academic_discrimination-44	3	.	2
GUM_academic_discrimination-45	1	Our	2
GUM_academic_discrimination-45	2	exploratory	3
GUM_academic_discrimination-45	3	study	4
GUM_academic_discrimination-45	5	three	4
GUM_academic_discrimination-45	6	basic	7
GUM_academic_discrimination-45	7	steps	4
GUM_academic_discrimination-46	3	summary	4
GUM_academic_discrimination-46	2	,	4
GUM_academic_discrimination-46	4	statistics	1
GUM_academic_discrimination-46	6	the	7
GUM_academic_discrimination-46	5	of	7
GUM_academic_discrimination-46	7	study	8
GUM_academic_discrimination-46	8	variables	1
GUM_academic_discrimination-46	9	and	10
GUM_academic_discrimination-46	10	racial	11
GUM_academic_discrimination-46	12	were	13
GUM_academic_discrimination-46	13	produced	11
GUM_academic_discrimination-46	14	.	13
GUM_academic_discrimination-47	2	,	1
GUM_academic_discrimination-47	3	we	4
GUM_academic_discrimination-47	4	examined	1
GUM_academic_discrimination-47	5	the	6
GUM_academic_discrimination-47	6	relative	4
GUM_academic_discrimination-47	7	proportions	4
GUM_academic_discrimination-47	11	discrimination	12
GUM_academic_discrimination-47	12	experience	10
GUM_academic_discrimination-47	10	two	13
GUM_academic_discrimination-47	9	the	13
GUM_academic_discrimination-47	8	of	13
GUM_academic_discrimination-47	13	measures	7
GUM_academic_discrimination-47	14	across	15
GUM_academic_discrimination-47	15	each	16
GUM_academic_discrimination-47	16	racial	17
GUM_academic_discrimination-47	17	category	13
GUM_academic_discrimination-48	2	,	1
GUM_academic_discrimination-48	3	we	4
GUM_academic_discrimination-48	4	assessed	1
GUM_academic_discrimination-48	5	the	6
GUM_academic_discrimination-48	6	distribution	4
GUM_academic_discrimination-48	7	of	8
GUM_academic_discrimination-48	8	reported	9
GUM_academic_discrimination-48	9	reasons	6
GUM_academic_discrimination-48	10	for	11
GUM_academic_discrimination-48	11	discrimination	9
GUM_academic_discrimination-48	13	the	14
GUM_academic_discrimination-48	12	across	14
GUM_academic_discrimination-48	14	racial	15
GUM_academic_discrimination-48	15	categories	11
GUM_academic_discrimination-49	2	order	1
GUM_academic_discrimination-49	3	to	4
GUM_academic_discrimination-49	5	potential	4
GUM_academic_discrimination-49	6	bivariate	7
GUM_academic_discrimination-49	9	the	10
GUM_academic_discrimination-49	10	adjusted	11
GUM_academic_discrimination-49	11	F	12
GUM_academic_discrimination-49	8	,	12
GUM_academic_discrimination-49	12	statistic	7
GUM_academic_discrimination-49	15	-	14
GUM_academic_discrimination-49	16	based	17
GUM_academic_discrimination-49	19	was	20
GUM_academic_discrimination-49	21	as	20
GUM_academic_discrimination-49	22	it	23
GUM_academic_discrimination-49	23	corrects	20
GUM_academic_discrimination-49	26	complex	27
GUM_academic_discrimination-49	28	design	27
GUM_academic_discrimination-49	30	as	29
GUM_academic_discrimination-49	32	used	31
GUM_academic_discrimination-49	34	the	35
GUM_academic_discrimination-49	33	in	35
GUM_academic_discrimination-49	35	Add	32
GUM_academic_discrimination-49	38	[	39
GUM_academic_discrimination-49	40	]	39
GUM_academic_discrimination-50	4	when	5
GUM_academic_discrimination-50	6	weighted	5
GUM_academic_discrimination-50	7	sample	5
GUM_academic_discrimination-50	8	data	7
GUM_academic_discrimination-50	11	svy	12
GUM_academic_discrimination-50	10	the	12
GUM_academic_discrimination-50	12	suite	9
GUM_academic_discrimination-50	13	of	14
GUM_academic_discrimination-50	15	in	16
GUM_academic_discrimination-50	17	the	18
GUM_academic_discrimination-50	18	conventional	19
GUM_academic_discrimination-50	19	Pearson	20
GUM_academic_discrimination-50	21	statistic	22
GUM_academic_discrimination-50	20	χ2	22
GUM_academic_discrimination-50	25	is	26
GUM_academic_discrimination-50	30	F	31
GUM_academic_discrimination-50	29	an	31
GUM_academic_discrimination-50	28	“	31
GUM_academic_discrimination-50	31	statistic	27
GUM_academic_discrimination-50	32	with	33
GUM_academic_discrimination-50	33	noninteger	34
GUM_academic_discrimination-50	35	of	36
GUM_academic_discrimination-50	36	freedom	34
GUM_academic_discrimination-50	37	by	38
GUM_academic_discrimination-50	41	-	40
GUM_academic_discrimination-50	42	order	43
GUM_academic_discrimination-50	44	and	45
GUM_academic_discrimination-50	43	Rao	45
GUM_academic_discrimination-50	46	(	47
GUM_academic_discrimination-50	47	1981	45
GUM_academic_discrimination-50	48	[	49
GUM_academic_discrimination-50	49	22	47
GUM_academic_discrimination-50	50	]	49
GUM_academic_discrimination-50	51	,	52
GUM_academic_discrimination-50	53	[	54
GUM_academic_discrimination-50	54	23	52
GUM_academic_discrimination-50	55	]	54
GUM_academic_discrimination-50	58	”	57
GUM_academic_discrimination-50	60	[	61
GUM_academic_discrimination-50	62	]	61
GUM_academic_discrimination-51	3	-	2
GUM_academic_discrimination-51	4	value	5
GUM_academic_discrimination-51	9	-	8
GUM_academic_discrimination-51	10	based	11
GUM_academic_discrimination-51	14	more	13
GUM_academic_discrimination-51	13	thus	15
GUM_academic_discrimination-51	12	is	15
GUM_academic_discrimination-51	15	accurate	11
GUM_academic_discrimination-51	18	the	19
GUM_academic_discrimination-51	17	than	19
GUM_academic_discrimination-51	16	(	19
GUM_academic_discrimination-51	19	associated	15
GUM_academic_discrimination-51	21	the	22
GUM_academic_discrimination-51	20	with	22
GUM_academic_discrimination-51	22	χ2	23
GUM_academic_discrimination-51	23	statistic	19
GUM_academic_discrimination-51	26	the	27
GUM_academic_discrimination-51	27	adjustments	25
GUM_academic_discrimination-51	28	and	29
GUM_academic_discrimination-51	29	calculations	27
GUM_academic_discrimination-51	31	into	32
GUM_academic_discrimination-51	32	account	30
GUM_academic_discrimination-51	33	the	34
GUM_academic_discrimination-51	34	weighted	35
GUM_academic_discrimination-51	37	the	38
GUM_academic_discrimination-51	36	of	38
GUM_academic_discrimination-51	38	data	35
GUM_academic_discrimination-52	2	final	3
GUM_academic_discrimination-52	4	also	5
GUM_academic_discrimination-52	3	step	5
GUM_academic_discrimination-52	1	This	5
GUM_academic_discrimination-52	6	an	7
GUM_academic_discrimination-52	7	examination	5
GUM_academic_discrimination-52	10	relative	11
GUM_academic_discrimination-52	9	the	11
GUM_academic_discrimination-52	8	of	11
GUM_academic_discrimination-52	11	distribution	7
GUM_academic_discrimination-52	12	of	13
GUM_academic_discrimination-52	13	racial	14
GUM_academic_discrimination-52	14	categories	11
GUM_academic_discrimination-52	17	various	18
GUM_academic_discrimination-52	16	the	18
GUM_academic_discrimination-52	15	across	18
GUM_academic_discrimination-52	18	reported	19
GUM_academic_discrimination-52	19	reasons	14
GUM_academic_discrimination-52	20	for	21
GUM_academic_discrimination-52	21	discrimination	19
GUM_academic_discrimination-53	1	As	2
GUM_academic_discrimination-53	3	earlier	2
GUM_academic_discrimination-53	5	all	6
GUM_academic_discrimination-53	7	were	8
GUM_academic_discrimination-53	6	analyses	8
GUM_academic_discrimination-53	9	according	8
GUM_academic_discrimination-53	11	the	12
GUM_academic_discrimination-53	13	weight	12
GUM_academic_discrimination-53	12	survey	14
GUM_academic_discrimination-53	16	the	17
GUM_academic_discrimination-53	15	by	17
GUM_academic_discrimination-53	17	Add	14
GUM_academic_discrimination-53	19	research	20
GUM_academic_discrimination-53	21	and	22
GUM_academic_discrimination-53	22	standard	23
GUM_academic_discrimination-53	24	were	25
GUM_academic_discrimination-53	23	errors	25
GUM_academic_discrimination-53	25	corrected	20
GUM_academic_discrimination-53	27	the	28
GUM_academic_discrimination-53	26	for	28
GUM_academic_discrimination-53	28	clustering	25
GUM_academic_discrimination-53	29	and	30
GUM_academic_discrimination-53	30	stratification	28
GUM_academic_discrimination-53	31	that	32
GUM_academic_discrimination-53	33	the	34
GUM_academic_discrimination-53	34	sampling	35
GUM_academic_discrimination-53	35	strategy	32
GUM_academic_discrimination-54	2	,	1
GUM_academic_discrimination-54	4	estimates	5
GUM_academic_discrimination-54	3	all	5
GUM_academic_discrimination-54	6	here	5
GUM_academic_discrimination-54	8	be	9
GUM_academic_discrimination-54	7	can	9
GUM_academic_discrimination-54	10	nationally	9
GUM_academic_discrimination-54	11	representative	9
GUM_academic_discrimination-54	14	United	15
GUM_academic_discrimination-54	13	the	15
GUM_academic_discrimination-54	12	of	15
GUM_academic_discrimination-54	15	States	11
GUM_academic_eegimaa-1	1	2.	2
GUM_academic_eegimaa-1	2	GUJJOLAAY	3
GUM_academic_eegimaa-1	4	,	3
GUM_academic_eegimaa-1	5	ITS	6
GUM_academic_eegimaa-1	8	THEIR	9
GUM_academic_eegimaa-1	7	AND	9
GUM_academic_eegimaa-1	9	NEIGHBOURS	6
GUM_academic_eegimaa-2	1	This	2
GUM_academic_eegimaa-2	3	briefly	2
GUM_academic_eegimaa-2	2	section	4
GUM_academic_eegimaa-2	5	the	6
GUM_academic_eegimaa-2	6	Gújjolaay	4
GUM_academic_eegimaa-2	7	Eegimaa	4
GUM_academic_eegimaa-2	10	for	11
GUM_academic_eegimaa-2	11	short	9
GUM_academic_eegimaa-2	13	Ethnologue	14
GUM_academic_eegimaa-2	12	;	14
GUM_academic_eegimaa-2	14	code	11
GUM_academic_eegimaa-2	16	ISO	17
GUM_academic_eegimaa-2	22	its	23
GUM_academic_eegimaa-2	25	its	26
GUM_academic_eegimaa-2	24	and	26
GUM_academic_eegimaa-2	26	varieties	23
GUM_academic_eegimaa-3	2	also	3
GUM_academic_eegimaa-3	1	We	3
GUM_academic_eegimaa-3	4	aspects	3
GUM_academic_eegimaa-3	6	the	7
GUM_academic_eegimaa-3	7	contact	8
GUM_academic_eegimaa-3	5	of	8
GUM_academic_eegimaa-3	8	situation	4
GUM_academic_eegimaa-3	11	Eegimaa	12
GUM_academic_eegimaa-3	10	the	12
GUM_academic_eegimaa-3	9	of	12
GUM_academic_eegimaa-3	12	language	8
GUM_academic_eegimaa-4	2	is	3
GUM_academic_eegimaa-4	1	This	3
GUM_academic_eegimaa-4	4	,	3
GUM_academic_eegimaa-4	8	will	9
GUM_academic_eegimaa-4	7	we	9
GUM_academic_eegimaa-4	6	as	9
GUM_academic_eegimaa-4	10	in	11
GUM_academic_eegimaa-4	11	§	9
GUM_academic_eegimaa-4	16	of	15
GUM_academic_eegimaa-4	18	Eegimaa	19
GUM_academic_eegimaa-4	17	the	19
GUM_academic_eegimaa-4	19	death	20
GUM_academic_eegimaa-4	20	prevention	15
GUM_academic_eegimaa-4	21	names	15
GUM_academic_eegimaa-4	22	and	23
GUM_academic_eegimaa-4	24	-	23
GUM_academic_eegimaa-4	25	bearing	26
GUM_academic_eegimaa-4	27	are	28
GUM_academic_eegimaa-4	30	Eegimaa	31
GUM_academic_eegimaa-4	29	to	31
GUM_academic_eegimaa-4	31	people	28
GUM_academic_eegimaa-4	33	other	34
GUM_academic_eegimaa-4	32	from	34
GUM_academic_eegimaa-5	6	spoken	5
GUM_academic_eegimaa-5	8	the	9
GUM_academic_eegimaa-5	7	in	9
GUM_academic_eegimaa-5	9	Basse	6
GUM_academic_eegimaa-5	10	Casamance	11
GUM_academic_eegimaa-5	11	area	6
GUM_academic_eegimaa-5	12	of	13
GUM_academic_eegimaa-5	13	Southern	14
GUM_academic_eegimaa-5	19	to	20
GUM_academic_eegimaa-5	21	between	22
GUM_academic_eegimaa-5	20	be	22
GUM_academic_eegimaa-5	22	7,000	18
GUM_academic_eegimaa-5	23	(	24
GUM_academic_eegimaa-5	24	Bassène	22
GUM_academic_eegimaa-5	25	,	26
GUM_academic_eegimaa-5	26	2007	24
GUM_academic_eegimaa-5	28	and	29
GUM_academic_eegimaa-5	30	speakers	29
GUM_academic_eegimaa-5	31	(	32
GUM_academic_eegimaa-5	32	Lewis	30
GUM_academic_eegimaa-5	33	,	34
GUM_academic_eegimaa-5	34	Simons	32
GUM_academic_eegimaa-5	36	&	37
GUM_academic_eegimaa-5	35	,	37
GUM_academic_eegimaa-5	37	Fennig	34
GUM_academic_eegimaa-5	38	,	39
GUM_academic_eegimaa-5	39	2014	37
GUM_academic_eegimaa-6	1	Jóola	2
GUM_academic_eegimaa-6	3	are	4
GUM_academic_eegimaa-6	2	languages	4
GUM_academic_eegimaa-6	5	as	4
GUM_academic_eegimaa-6	6	members	4
GUM_academic_eegimaa-6	9	’s	8
GUM_academic_eegimaa-6	10	(	11
GUM_academic_eegimaa-6	13	BAK	14
GUM_academic_eegimaa-6	15	of	16
GUM_academic_eegimaa-6	16	Atlantic	17
GUM_academic_eegimaa-6	19	the	20
GUM_academic_eegimaa-6	18	of	20
GUM_academic_eegimaa-6	21	Congo	22
GUM_academic_eegimaa-6	20	Niger	22
GUM_academic_eegimaa-6	22	language	23
GUM_academic_eegimaa-6	23	phylum	17
GUM_academic_eegimaa-7	3	these	4
GUM_academic_eegimaa-7	2	of	4
GUM_academic_eegimaa-7	4	languages	1
GUM_academic_eegimaa-7	5	are	6
GUM_academic_eegimaa-7	8	the	9
GUM_academic_eegimaa-7	7	in	9
GUM_academic_eegimaa-7	9	Gambia	6
GUM_academic_eegimaa-7	12	the	13
GUM_academic_eegimaa-7	11	in	13
GUM_academic_eegimaa-7	14	Casamance	15
GUM_academic_eegimaa-7	13	former	15
GUM_academic_eegimaa-7	10	,	15
GUM_academic_eegimaa-7	15	region	9
GUM_academic_eegimaa-7	16	of	17
GUM_academic_eegimaa-7	17	Southern	18
GUM_academic_eegimaa-7	20	in	21
GUM_academic_eegimaa-7	19	and	21
GUM_academic_eegimaa-7	21	Guinea	18
GUM_academic_eegimaa-7	22	Bissau	21
GUM_academic_eegimaa-8	1	The	2
GUM_academic_eegimaa-8	3	in	4
GUM_academic_eegimaa-8	4	Figure	2
GUM_academic_eegimaa-8	6	,	7
GUM_academic_eegimaa-8	7	taken	5
GUM_academic_eegimaa-8	8	from	9
GUM_academic_eegimaa-8	9	Ethnologue	7
GUM_academic_eegimaa-8	10	,	11
GUM_academic_eegimaa-8	12	the	13
GUM_academic_eegimaa-8	13	languages	11
GUM_academic_eegimaa-8	14	of	15
GUM_academic_eegimaa-8	15	Senegal	13
GUM_academic_eegimaa-9	1	The	2
GUM_academic_eegimaa-9	4	the	5
GUM_academic_eegimaa-9	3	on	5
GUM_academic_eegimaa-9	5	map	2
GUM_academic_eegimaa-9	9	Eegimaa	10
GUM_academic_eegimaa-9	8	the	10
GUM_academic_eegimaa-9	7	to	10
GUM_academic_eegimaa-9	10	speaking	6
GUM_academic_eegimaa-9	11	area	10
GUM_academic_eegimaa-9	16	name	17
GUM_academic_eegimaa-9	15	the	17
GUM_academic_eegimaa-9	14	is	17
GUM_academic_eegimaa-9	13	Bandial	17
GUM_academic_eegimaa-9	12	(	17
GUM_academic_eegimaa-9	17	used	11
GUM_academic_eegimaa-9	18	by	19
GUM_academic_eegimaa-9	19	Ethnologue	17
GUM_academic_eegimaa-9	20	for	21
GUM_academic_eegimaa-9	21	Eegimaa	19
GUM_academic_eegimaa-10	3	mainly	4
GUM_academic_eegimaa-10	2	is	4
GUM_academic_eegimaa-10	1	Eegimaa	4
GUM_academic_eegimaa-10	5	in	4
GUM_academic_eegimaa-10	6	Mof-Ávvi	4
GUM_academic_eegimaa-10	9	former	10
GUM_academic_eegimaa-10	8	a	10
GUM_academic_eegimaa-10	7	,	10
GUM_academic_eegimaa-10	11	of	12
GUM_academic_eegimaa-10	16	the	17
GUM_academic_eegimaa-10	15	to	17
GUM_academic_eegimaa-10	17	west	14
GUM_academic_eegimaa-10	18	of	19
GUM_academic_eegimaa-10	19	Ziguinchor	17
GUM_academic_eegimaa-10	21	the	22
GUM_academic_eegimaa-10	22	capital	23
GUM_academic_eegimaa-10	20	,	23
GUM_academic_eegimaa-10	25	the	26
GUM_academic_eegimaa-10	24	of	26
GUM_academic_eegimaa-10	26	former	27
GUM_academic_eegimaa-10	27	administrative	28
GUM_academic_eegimaa-10	29	of	30
GUM_academic_eegimaa-10	30	Casamance	28
GUM_academic_eegimaa-10	32	the	33
GUM_academic_eegimaa-10	31	in	33
GUM_academic_eegimaa-10	34	of	35
GUM_academic_eegimaa-10	35	Senegal	33
GUM_academic_eegimaa-11	5	bordered	4
GUM_academic_eegimaa-11	7	the	8
GUM_academic_eegimaa-11	6	by	8
GUM_academic_eegimaa-11	8	Casamance	5
GUM_academic_eegimaa-11	9	River	5
GUM_academic_eegimaa-11	11	the	12
GUM_academic_eegimaa-11	10	to	12
GUM_academic_eegimaa-11	12	north	9
GUM_academic_eegimaa-11	14	which	15
GUM_academic_eegimaa-11	13	,	15
GUM_academic_eegimaa-11	18	the	19
GUM_academic_eegimaa-11	19	Jóola	20
GUM_academic_eegimaa-11	17	from	20
GUM_academic_eegimaa-11	21	and	22
GUM_academic_eegimaa-11	28	the	29
GUM_academic_eegimaa-11	27	to	29
GUM_academic_eegimaa-11	26	and	29
GUM_academic_eegimaa-11	25	,	29
GUM_academic_eegimaa-11	31	the	32
GUM_academic_eegimaa-11	30	by	32
GUM_academic_eegimaa-11	32	villages	29
GUM_academic_eegimaa-11	33	Brin	29
GUM_academic_eegimaa-11	34	and	35
GUM_academic_eegimaa-11	35	Djibonker	33
GUM_academic_eegimaa-11	38	the	39
GUM_academic_eegimaa-11	37	where	39
GUM_academic_eegimaa-11	36	,	39
GUM_academic_eegimaa-11	40	of	41
GUM_academic_eegimaa-11	41	Kujireray	39
GUM_academic_eegimaa-11	42	and	43
GUM_academic_eegimaa-11	46	.	45
GUM_academic_eegimaa-12	2	the	3
GUM_academic_eegimaa-12	1	In	3
GUM_academic_eegimaa-12	6	river	7
GUM_academic_eegimaa-12	5	the	7
GUM_academic_eegimaa-12	4	,	7
GUM_academic_eegimaa-12	8	as	9
GUM_academic_eegimaa-12	9	Kamobeul	7
GUM_academic_eegimaa-12	12	Mof-Ávvi	11
GUM_academic_eegimaa-12	15	Bayot	16
GUM_academic_eegimaa-12	14	the	16
GUM_academic_eegimaa-12	13	from	16
GUM_academic_eegimaa-12	16	speaking	17
GUM_academic_eegimaa-12	17	area	12
GUM_academic_eegimaa-12	20	the	21
GUM_academic_eegimaa-12	21	west	22
GUM_academic_eegimaa-12	19	while	22
GUM_academic_eegimaa-12	18	,	22
GUM_academic_eegimaa-12	22	side	17
GUM_academic_eegimaa-12	27	the	28
GUM_academic_eegimaa-12	26	with	28
GUM_academic_eegimaa-12	28	homeland	25
GUM_academic_eegimaa-12	30	the	31
GUM_academic_eegimaa-12	29	of	31
GUM_academic_eegimaa-12	31	Jóola	28
GUM_academic_eegimaa-12	34	and	35
GUM_academic_eegimaa-12	35	Jóola	36
GUM_academic_eegimaa-12	36	Kaasa	37
GUM_academic_eegimaa-13	1	The	2
GUM_academic_eegimaa-13	3	in	4
GUM_academic_eegimaa-13	4	Figure	2
GUM_academic_eegimaa-13	7	,	8
GUM_academic_eegimaa-13	8	adapted	6
GUM_academic_eegimaa-13	9	from	10
GUM_academic_eegimaa-13	10	Palmeri	8
GUM_academic_eegimaa-13	11	and	12
GUM_academic_eegimaa-13	12	Gazio	10
GUM_academic_eegimaa-13	13	(	14
GUM_academic_eegimaa-13	14	1995	12
GUM_academic_eegimaa-13	16	,	17
GUM_academic_eegimaa-13	19	very	20
GUM_academic_eegimaa-13	20	approximate	21
GUM_academic_eegimaa-13	18	a	21
GUM_academic_eegimaa-13	21	location	17
GUM_academic_eegimaa-13	22	of	23
GUM_academic_eegimaa-13	23	Mof-Ávvi	21
GUM_academic_eegimaa-13	24	in	25
GUM_academic_eegimaa-13	27	other	28
GUM_academic_eegimaa-13	26	to	28
GUM_academic_eegimaa-13	28	neighbouring	29
GUM_academic_eegimaa-13	29	speech	30
GUM_academic_eegimaa-14	6	be	7
GUM_academic_eegimaa-14	5	will	7
GUM_academic_eegimaa-14	8	to	7
GUM_academic_eegimaa-14	10	our	11
GUM_academic_eegimaa-14	9	in	11
GUM_academic_eegimaa-14	13	death	14
GUM_academic_eegimaa-14	12	of	14
GUM_academic_eegimaa-14	14	prevention	15
GUM_academic_eegimaa-14	16	in	17
GUM_academic_eegimaa-14	17	§	18
GUM_academic_eegimaa-15	2	Eegimaa	3
GUM_academic_eegimaa-15	1	The	3
GUM_academic_eegimaa-15	6	is	7
GUM_academic_eegimaa-15	8	by	7
GUM_academic_eegimaa-15	10	names	11
GUM_academic_eegimaa-15	9	several	11
GUM_academic_eegimaa-15	11	given	7
GUM_academic_eegimaa-15	12	by	13
GUM_academic_eegimaa-15	13	speakers	11
GUM_academic_eegimaa-15	14	of	15
GUM_academic_eegimaa-15	15	neighbouring	16
GUM_academic_eegimaa-15	16	languages	13
GUM_academic_eegimaa-16	1	For	2
GUM_academic_eegimaa-16	4	the	5
GUM_academic_eegimaa-16	6	Kusiilay	5
GUM_academic_eegimaa-16	8	‘	7
GUM_academic_eegimaa-16	10	language	9
GUM_academic_eegimaa-16	11	of	12
GUM_academic_eegimaa-16	12	Essil	10
GUM_academic_eegimaa-16	18	given	17
GUM_academic_eegimaa-16	19	by	20
GUM_academic_eegimaa-16	20	speakers	18
GUM_academic_eegimaa-16	21	of	22
GUM_academic_eegimaa-16	22	Kujireray	20
GUM_academic_eegimaa-16	25	Eegimaa	26
GUM_academic_eegimaa-16	24	the	26
GUM_academic_eegimaa-16	23	to	26
GUM_academic_eegimaa-16	28	because	29
GUM_academic_eegimaa-16	27	,	29
GUM_academic_eegimaa-16	31	of	32
GUM_academic_eegimaa-16	30	,	32
GUM_academic_eegimaa-16	29	Essil	32
GUM_academic_eegimaa-16	33	Bajjat	34
GUM_academic_eegimaa-16	32	which	34
GUM_academic_eegimaa-16	36	district	35
GUM_academic_eegimaa-16	39	the	40
GUM_academic_eegimaa-16	38	is	40
GUM_academic_eegimaa-16	41	which	42
GUM_academic_eegimaa-16	43	a	44
GUM_academic_eegimaa-16	46	their	47
GUM_academic_eegimaa-16	45	with	47
GUM_academic_eegimaa-16	47	village	44
GUM_academic_eegimaa-17	5	given	4
GUM_academic_eegimaa-17	7	Bayot	8
GUM_academic_eegimaa-17	6	by	8
GUM_academic_eegimaa-17	8	speakers	5
GUM_academic_eegimaa-17	11	its	12
GUM_academic_eegimaa-17	14	not	15
GUM_academic_eegimaa-17	13	is	15
GUM_academic_eegimaa-17	12	meaning	15
GUM_academic_eegimaa-17	10	but	15
GUM_academic_eegimaa-17	9	,	15
GUM_academic_eegimaa-17	15	known	8
GUM_academic_eegimaa-17	16	.	15
GUM_academic_eegimaa-18	4	the	5
GUM_academic_eegimaa-18	6	of	7
GUM_academic_eegimaa-18	7	village	5
GUM_academic_eegimaa-18	8	of	9
GUM_academic_eegimaa-18	9	Seleki	7
GUM_academic_eegimaa-18	10	/	11
GUM_academic_eegimaa-18	11	Sállagi	9
GUM_academic_eegimaa-18	17	given	16
GUM_academic_eegimaa-18	18	by	19
GUM_academic_eegimaa-18	19	Jóola	17
GUM_academic_eegimaa-18	22	who	23
GUM_academic_eegimaa-18	24	more	25
GUM_academic_eegimaa-18	23	are	25
GUM_academic_eegimaa-18	25	familiar	21
GUM_academic_eegimaa-18	27	the	28
GUM_academic_eegimaa-18	26	with	28
GUM_academic_eegimaa-18	28	village	25
GUM_academic_eegimaa-18	29	of	30
GUM_academic_eegimaa-18	30	Seleki	28
GUM_academic_eegimaa-18	31	/	32
GUM_academic_eegimaa-18	32	Sállagi	30
GUM_academic_eegimaa-18	36	other	37
GUM_academic_eegimaa-18	35	all	37
GUM_academic_eegimaa-18	34	than	37
GUM_academic_eegimaa-18	38	of	39
GUM_academic_eegimaa-18	39	Mof-Ávvi	37
GUM_academic_eegimaa-19	2	,	1
GUM_academic_eegimaa-19	5	Bandial	4
GUM_academic_eegimaa-19	6	‘	5
GUM_academic_eegimaa-19	8	language	7
GUM_academic_eegimaa-19	10	the	11
GUM_academic_eegimaa-19	9	of	11
GUM_academic_eegimaa-19	11	village	8
GUM_academic_eegimaa-19	12	of	13
GUM_academic_eegimaa-19	13	Banjal	11
GUM_academic_eegimaa-19	17	most	18
GUM_academic_eegimaa-19	16	the	18
GUM_academic_eegimaa-19	15	,	18
GUM_academic_eegimaa-19	20	all	21
GUM_academic_eegimaa-19	19	of	21
GUM_academic_eegimaa-19	21	those	22
GUM_academic_eegimaa-19	22	names	18
GUM_academic_eegimaa-19	27	given	26
GUM_academic_eegimaa-19	29	the	30
GUM_academic_eegimaa-19	28	by	30
GUM_academic_eegimaa-19	30	Jóola	27
GUM_academic_eegimaa-19	31	Búluf	27
GUM_academic_eegimaa-19	32	and	33
GUM_academic_eegimaa-19	37	Eegimaa	38
GUM_academic_eegimaa-19	36	to	38
GUM_academic_eegimaa-19	40	their	41
GUM_academic_eegimaa-19	39	and	41
GUM_academic_eegimaa-19	41	language	38
GUM_academic_eegimaa-19	43	because	44
GUM_academic_eegimaa-19	42	,	44
GUM_academic_eegimaa-19	46	the	47
GUM_academic_eegimaa-19	45	from	47
GUM_academic_eegimaa-19	47	village	44
GUM_academic_eegimaa-19	53	to	54
GUM_academic_eegimaa-19	55	in	56
GUM_academic_eegimaa-19	54	be	56
GUM_academic_eegimaa-19	56	contact	52
GUM_academic_eegimaa-19	57	with	58
GUM_academic_eegimaa-19	58	them	56
GUM_academic_eegimaa-20	2	1	1
GUM_academic_eegimaa-21	2	of	3
GUM_academic_eegimaa-21	3	Senegal	1
GUM_academic_eegimaa-21	4	(	5
GUM_academic_eegimaa-21	7	Google	8
GUM_academic_eegimaa-21	6	of	8
GUM_academic_eegimaa-21	8	maps	5
GUM_academic_eegimaa-22	2	2	1
GUM_academic_eegimaa-23	4	Eegimaa	5
GUM_academic_eegimaa-23	3	the	5
GUM_academic_eegimaa-23	2	of	5
GUM_academic_eegimaa-23	5	speaking	1
GUM_academic_eegimaa-23	6	area	1
GUM_academic_eegimaa-24	1	Village	2
GUM_academic_eegimaa-24	3	are	4
GUM_academic_eegimaa-24	5	using	4
GUM_academic_eegimaa-24	7	usual	8
GUM_academic_eegimaa-24	6	their	8
GUM_academic_eegimaa-24	8	spelling	5
GUM_academic_eegimaa-25	2	Ethnologue	3
GUM_academic_eegimaa-25	1	The	3
GUM_academic_eegimaa-25	3	language	4
GUM_academic_eegimaa-25	5	are	6
GUM_academic_eegimaa-25	4	codes	6
GUM_academic_eegimaa-25	7	for	8
GUM_academic_eegimaa-25	8	language	6
GUM_academic_eegimaa-25	9	varieties	6
GUM_academic_eegimaa-25	10	that	11
GUM_academic_eegimaa-26	1	Language	2
GUM_academic_eegimaa-26	3	are	4
GUM_academic_eegimaa-26	5	following	4
GUM_academic_eegimaa-26	6	the	7
GUM_academic_eegimaa-26	7	recommendation	4
GUM_academic_eegimaa-26	9	the	10
GUM_academic_eegimaa-26	8	for	10
GUM_academic_eegimaa-26	10	transcription	7
GUM_academic_eegimaa-26	11	of	12
GUM_academic_eegimaa-26	12	national	13
GUM_academic_eegimaa-26	13	languages	10
GUM_academic_eegimaa-26	14	of	15
GUM_academic_eegimaa-26	15	Senegal	13
GUM_academic_eegimaa-27	3	the	4
GUM_academic_eegimaa-27	2	of	4
GUM_academic_eegimaa-27	1	Names	4
GUM_academic_eegimaa-27	7	are	8
GUM_academic_eegimaa-27	9	using	8
GUM_academic_eegimaa-27	11	Eegimaa	12
GUM_academic_eegimaa-27	10	the	12
GUM_academic_eegimaa-27	12	orthography	9
GUM_academic_eegimaa-27	13	and	14
GUM_academic_eegimaa-27	15	the	16
GUM_academic_eegimaa-27	16	pronunciation	14
GUM_academic_eegimaa-27	17	of	18
GUM_academic_eegimaa-27	18	village	19
GUM_academic_eegimaa-27	19	names	16
GUM_academic_eegimaa-27	20	by	21
GUM_academic_eegimaa-27	21	native	22
GUM_academic_eegimaa-28	1	Jóola	2
GUM_academic_eegimaa-28	2	language	3
GUM_academic_eegimaa-28	4	which	5
GUM_academic_eegimaa-28	6	closely	7
GUM_academic_eegimaa-28	5	are	7
GUM_academic_eegimaa-28	7	related	3
GUM_academic_eegimaa-28	11	Kujireray	10
GUM_academic_eegimaa-28	13	Kuluunaay	12
GUM_academic_eegimaa-28	16	the	17
GUM_academic_eegimaa-28	15	from	17
GUM_academic_eegimaa-28	14	(	17
GUM_academic_eegimaa-28	17	village	13
GUM_academic_eegimaa-28	18	of	19
GUM_academic_eegimaa-28	19	Brin	17
GUM_academic_eegimaa-28	21	76	22
GUM_academic_eegimaa-28	20	with	22
GUM_academic_eegimaa-28	22	%	23
GUM_academic_eegimaa-28	23	lexical	24
GUM_academic_eegimaa-28	26	and	27
GUM_academic_eegimaa-28	30	the	31
GUM_academic_eegimaa-28	29	from	31
GUM_academic_eegimaa-28	28	(	31
GUM_academic_eegimaa-28	31	village	27
GUM_academic_eegimaa-28	32	of	33
GUM_academic_eegimaa-28	33	Afiniam	31
GUM_academic_eegimaa-28	35	74	36
GUM_academic_eegimaa-28	34	with	36
GUM_academic_eegimaa-28	36	%	37
GUM_academic_eegimaa-28	38	similarity	37
GUM_academic_eegimaa-28	39	(	40
GUM_academic_eegimaa-28	43	et	44
GUM_academic_eegimaa-28	44	al.	42
GUM_academic_eegimaa-28	45	,	46
GUM_academic_eegimaa-29	4	the	5
GUM_academic_eegimaa-29	3	from	5
GUM_academic_eegimaa-29	2	(	5
GUM_academic_eegimaa-29	5	village	1
GUM_academic_eegimaa-29	6	of	7
GUM_academic_eegimaa-29	7	Butam	5
GUM_academic_eegimaa-29	9	,	10
GUM_academic_eegimaa-29	13	the	14
GUM_academic_eegimaa-29	12	from	14
GUM_academic_eegimaa-29	11	(	14
GUM_academic_eegimaa-29	15	Djilapaor	14
GUM_academic_eegimaa-29	17	and	18
GUM_academic_eegimaa-29	20	ISO	21
GUM_academic_eegimaa-29	19	(	21
GUM_academic_eegimaa-29	21	639-3	18
GUM_academic_eegimaa-29	26	the	27
GUM_academic_eegimaa-29	25	from	27
GUM_academic_eegimaa-29	28	of	29
GUM_academic_eegimaa-29	33	other	34
GUM_academic_eegimaa-29	32	also	34
GUM_academic_eegimaa-29	31	are	34
GUM_academic_eegimaa-29	35	related	34
GUM_academic_eegimaa-29	36	to	37
GUM_academic_eegimaa-29	37	Eegimaa	35
GUM_academic_eegimaa-30	2	are	3
GUM_academic_eegimaa-30	1	They	3
GUM_academic_eegimaa-30	4	north	3
GUM_academic_eegimaa-30	6	the	7
GUM_academic_eegimaa-30	5	of	7
GUM_academic_eegimaa-30	7	Casamance	3
GUM_academic_eegimaa-30	8	River	3
GUM_academic_eegimaa-30	10	the	11
GUM_academic_eegimaa-30	9	in	11
GUM_academic_eegimaa-31	1	There	2
GUM_academic_eegimaa-31	3	also	2
GUM_academic_eegimaa-31	4	small	2
GUM_academic_eegimaa-31	5	migrant	2
GUM_academic_eegimaa-31	6	Eegimaa	2
GUM_academic_eegimaa-31	7	communities	2
GUM_academic_eegimaa-31	8	in	9
GUM_academic_eegimaa-31	9	villages	2
GUM_academic_eegimaa-31	10	like	11
GUM_academic_eegimaa-31	11	Djifanghor	9
GUM_academic_eegimaa-31	14	of	15
GUM_academic_eegimaa-31	13	east	15
GUM_academic_eegimaa-31	12	(	15
GUM_academic_eegimaa-31	18	in	19
GUM_academic_eegimaa-31	17	and	19
GUM_academic_eegimaa-31	22	of	23
GUM_academic_eegimaa-31	21	south	23
GUM_academic_eegimaa-31	20	(	23
GUM_academic_eegimaa-31	23	Ziguinchor	19
GUM_academic_eegimaa-31	27	they	28
GUM_academic_eegimaa-31	26	where	28
GUM_academic_eegimaa-31	25	,	28
GUM_academic_eegimaa-31	29	with	30
GUM_academic_eegimaa-31	30	speakers	28
GUM_academic_eegimaa-31	32	Baïnounk	33
GUM_academic_eegimaa-31	31	of	33
GUM_academic_eegimaa-31	33	languages	28
GUM_academic_eegimaa-32	2	most	3
GUM_academic_eegimaa-32	3	Eegimaa	4
GUM_academic_eegimaa-32	1	Nowadays	4
GUM_academic_eegimaa-32	8	outside	7
GUM_academic_eegimaa-32	9	their	10
GUM_academic_eegimaa-32	10	homeland	7
GUM_academic_eegimaa-32	13	in	14
GUM_academic_eegimaa-32	12	generally	14
GUM_academic_eegimaa-32	14	urban	15
GUM_academic_eegimaa-32	11	,	15
GUM_academic_eegimaa-32	16	like	17
GUM_academic_eegimaa-32	17	Ziguinchor	15
GUM_academic_eegimaa-32	18	and	19
GUM_academic_eegimaa-32	19	Dakar	17
GUM_academic_eegimaa-33	5	the	6
GUM_academic_eegimaa-33	6	term	4
GUM_academic_eegimaa-33	7	Gújjolaay	6
GUM_academic_eegimaa-33	8	(	9
GUM_academic_eegimaa-33	10	Jóola	9
GUM_academic_eegimaa-33	12	to	13
GUM_academic_eegimaa-33	15	their	16
GUM_academic_eegimaa-33	14	to	16
GUM_academic_eegimaa-33	16	language	13
GUM_academic_eegimaa-33	18	they	19
GUM_academic_eegimaa-33	17	when	19
GUM_academic_eegimaa-33	20	to	21
GUM_academic_eegimaa-33	21	each	19
GUM_academic_eegimaa-33	24	but	25
GUM_academic_eegimaa-33	26	to	27
GUM_academic_eegimaa-33	29	Jóola	30
GUM_academic_eegimaa-33	28	their	30
GUM_academic_eegimaa-33	34	other	35
GUM_academic_eegimaa-33	33	of	35
GUM_academic_eegimaa-33	35	Jóola	36
GUM_academic_eegimaa-33	36	peoples	32
GUM_academic_eegimaa-34	4	endangered	5
GUM_academic_eegimaa-34	3	an	5
GUM_academic_eegimaa-34	2	is	5
GUM_academic_eegimaa-34	1	Eegimaa	5
GUM_academic_eegimaa-34	6	whose	5
GUM_academic_eegimaa-34	7	transmission	5
GUM_academic_eegimaa-34	12	been	13
GUM_academic_eegimaa-34	11	has	13
GUM_academic_eegimaa-34	17	last	18
GUM_academic_eegimaa-34	16	the	18
GUM_academic_eegimaa-34	15	in	18
GUM_academic_eegimaa-34	14	significantly	18
GUM_academic_eegimaa-34	18	decades	13
GUM_academic_eegimaa-35	4	to	5
GUM_academic_eegimaa-35	5	understand	3
GUM_academic_eegimaa-35	6	the	7
GUM_academic_eegimaa-35	7	contact	8
GUM_academic_eegimaa-35	8	situation	5
GUM_academic_eegimaa-35	9	of	10
GUM_academic_eegimaa-35	10	Eegimaa	8
GUM_academic_eegimaa-35	12	because	13
GUM_academic_eegimaa-35	14	of	13
GUM_academic_eegimaa-35	15	the	16
GUM_academic_eegimaa-35	16	ritual	13
GUM_academic_eegimaa-35	24	other	25
GUM_academic_eegimaa-35	23	from	25
GUM_academic_eegimaa-35	25	languages	22
GUM_academic_eegimaa-35	27	from	28
GUM_academic_eegimaa-35	26	or	28
GUM_academic_eegimaa-35	28	neighbouring	29
GUM_academic_eegimaa-35	29	communities	25
GUM_academic_eegimaa-36	3	are	4
GUM_academic_eegimaa-36	2	names	4
GUM_academic_eegimaa-36	1	These	4
GUM_academic_eegimaa-36	5	either	4
GUM_academic_eegimaa-36	6	in	7
GUM_academic_eegimaa-36	7	Eegimaa	4
GUM_academic_eegimaa-36	11	different	12
GUM_academic_eegimaa-36	10	a	12
GUM_academic_eegimaa-36	9	in	12
GUM_academic_eegimaa-36	8	or	12
GUM_academic_eegimaa-36	12	language	7
GUM_academic_eegimaa-36	13	.	12
GUM_bio_dvorak-1	2	Dvořák	1
GUM_bio_dvorak-2	1	Antonín	2
GUM_bio_dvorak-2	5	/	6
GUM_bio_dvorak-2	9	/	10
GUM_bio_dvorak-2	10	d(ə)-VOR-zha(h)k	8
GUM_bio_dvorak-2	14	[	15
GUM_bio_dvorak-2	21	September	22
GUM_bio_dvorak-2	23	–	24
GUM_bio_dvorak-2	25	May	26
GUM_bio_dvorak-2	30	Czech	31
GUM_bio_dvorak-2	29	a	31
GUM_bio_dvorak-2	28	was	31
GUM_bio_dvorak-2	32	.	31
GUM_bio_dvorak-3	1	After	2
GUM_bio_dvorak-3	5	he	6
GUM_bio_dvorak-3	7	the	8
GUM_bio_dvorak-3	6	was	8
GUM_bio_dvorak-3	8	next	9
GUM_bio_dvorak-3	11	-	10
GUM_bio_dvorak-3	12	era	13
GUM_bio_dvorak-3	14	to	15
GUM_bio_dvorak-3	15	achieve	13
GUM_bio_dvorak-3	16	worldwide	17
GUM_bio_dvorak-3	17	recognition	15
GUM_bio_dvorak-4	1	Following	2
GUM_bio_dvorak-4	3	's	2
GUM_bio_dvorak-4	4	nationalist	5
GUM_bio_dvorak-4	6	,	5
GUM_bio_dvorak-4	8	frequently	9
GUM_bio_dvorak-4	7	Dvořák	9
GUM_bio_dvorak-4	9	employed	5
GUM_bio_dvorak-4	10	aspects	9
GUM_bio_dvorak-4	12	specifically	13
GUM_bio_dvorak-4	11	,	13
GUM_bio_dvorak-4	13	rhythms	10
GUM_bio_dvorak-4	16	the	17
GUM_bio_dvorak-4	17	folk	18
GUM_bio_dvorak-4	15	of	18
GUM_bio_dvorak-4	14	,	18
GUM_bio_dvorak-4	18	music	13
GUM_bio_dvorak-4	19	of	20
GUM_bio_dvorak-4	22	his	23
GUM_bio_dvorak-4	21	and	23
GUM_bio_dvorak-4	24	Bohemia	23
GUM_bio_dvorak-5	2	's	1
GUM_bio_dvorak-5	3	own	4
GUM_bio_dvorak-5	6	been	7
GUM_bio_dvorak-5	5	has	7
GUM_bio_dvorak-5	4	style	7
GUM_bio_dvorak-5	8	as	7
GUM_bio_dvorak-5	11	fullest	12
GUM_bio_dvorak-5	10	the	12
GUM_bio_dvorak-5	9	"	12
GUM_bio_dvorak-5	12	recreation	7
GUM_bio_dvorak-5	15	national	16
GUM_bio_dvorak-5	14	a	16
GUM_bio_dvorak-5	13	of	16
GUM_bio_dvorak-5	16	idiom	12
GUM_bio_dvorak-5	17	with	18
GUM_bio_dvorak-5	21	symphonic	22
GUM_bio_dvorak-5	20	the	22
GUM_bio_dvorak-5	19	of	22
GUM_bio_dvorak-5	22	tradition	18
GUM_bio_dvorak-5	25	folk	26
GUM_bio_dvorak-5	26	influences	24
GUM_bio_dvorak-5	27	and	28
GUM_bio_dvorak-5	29	effective	30
GUM_bio_dvorak-5	31	of	32
GUM_bio_dvorak-5	32	using	30
GUM_bio_dvorak-5	36	[	37
GUM_bio_dvorak-5	38	]	37
GUM_bio_dvorak-6	2	Dvořák	1
GUM_bio_dvorak-7	1	Dvořák	2
GUM_bio_dvorak-7	3	his	4
GUM_bio_dvorak-7	4	musical	2
GUM_bio_dvorak-7	5	gifts	2
GUM_bio_dvorak-7	8	early	9
GUM_bio_dvorak-7	7	an	9
GUM_bio_dvorak-7	6	at	9
GUM_bio_dvorak-7	9	age	5
GUM_bio_dvorak-7	13	apt	14
GUM_bio_dvorak-7	14	violin	15
GUM_bio_dvorak-7	12	an	15
GUM_bio_dvorak-7	11	being	15
GUM_bio_dvorak-7	10	,	15
GUM_bio_dvorak-7	15	student	9
GUM_bio_dvorak-7	16	from	17
GUM_bio_dvorak-7	17	age	15
GUM_bio_dvorak-7	18	six	17
GUM_bio_dvorak-8	2	first	3
GUM_bio_dvorak-8	1	The	3
GUM_bio_dvorak-8	3	public	4
GUM_bio_dvorak-8	5	of	4
GUM_bio_dvorak-8	6	his	7
GUM_bio_dvorak-8	7	works	4
GUM_bio_dvorak-8	9	in	10
GUM_bio_dvorak-8	8	were	10
GUM_bio_dvorak-8	11	in	12
GUM_bio_dvorak-8	12	1872	10
GUM_bio_dvorak-8	16	special	17
GUM_bio_dvorak-8	15	with	17
GUM_bio_dvorak-8	14	,	17
GUM_bio_dvorak-8	17	success	13
GUM_bio_dvorak-8	19	in	20
GUM_bio_dvorak-8	23	he	24
GUM_bio_dvorak-8	22	when	24
GUM_bio_dvorak-8	24	was	25
GUM_bio_dvorak-8	21	,	25
GUM_bio_dvorak-8	25	aged	20
GUM_bio_dvorak-8	26	31	25
GUM_bio_dvorak-8	27	.	26
GUM_bio_dvorak-9	2	recognition	1
GUM_bio_dvorak-9	5	Prague	6
GUM_bio_dvorak-9	4	the	6
GUM_bio_dvorak-9	3	beyond	6
GUM_bio_dvorak-9	6	area	2
GUM_bio_dvorak-9	8	he	9
GUM_bio_dvorak-9	7	,	9
GUM_bio_dvorak-9	10	a	11
GUM_bio_dvorak-9	11	score	9
GUM_bio_dvorak-9	13	his	14
GUM_bio_dvorak-9	14	First	15
GUM_bio_dvorak-9	18	prize	19
GUM_bio_dvorak-9	17	a	19
GUM_bio_dvorak-9	16	to	19
GUM_bio_dvorak-9	20	in	21
GUM_bio_dvorak-9	23	but	24
GUM_bio_dvorak-9	25	not	26
GUM_bio_dvorak-9	24	did	26
GUM_bio_dvorak-9	22	,	26
GUM_bio_dvorak-9	27	,	26
GUM_bio_dvorak-9	30	unreturned	31
GUM_bio_dvorak-9	32	was	33
GUM_bio_dvorak-9	33	lost	31
GUM_bio_dvorak-9	34	until	35
GUM_bio_dvorak-9	35	rediscovered	33
GUM_bio_dvorak-9	36	many	37
GUM_bio_dvorak-9	37	decades	35
GUM_bio_dvorak-9	38	later	37
GUM_bio_dvorak-10	1	In	2
GUM_bio_dvorak-10	3	he	4
GUM_bio_dvorak-10	2	1874	4
GUM_bio_dvorak-10	5	a	6
GUM_bio_dvorak-10	6	submission	4
GUM_bio_dvorak-10	8	the	9
GUM_bio_dvorak-10	7	to	9
GUM_bio_dvorak-10	10	State	11
GUM_bio_dvorak-10	9	Austrian	11
GUM_bio_dvorak-10	11	Prize	6
GUM_bio_dvorak-10	12	for	13
GUM_bio_dvorak-10	19	further	20
GUM_bio_dvorak-10	18	two	20
GUM_bio_dvorak-10	17	of	20
GUM_bio_dvorak-10	21	and	22
GUM_bio_dvorak-10	22	other	23
GUM_bio_dvorak-10	23	works	20
GUM_bio_dvorak-10	24	.	23
